season,round,pick,team_id,player_id
2022-23,1,1,ibf4yutil93mhju7,03e75
2022-23,1,2,jk0ke7gol93k5zd7,031m2
2022-23,1,3,xa5w57ngl93mbh2g,04kj6
2022-23,1,4,6bpping1l96ajun5,03xmv
2022-23,1,5,nygi7tael97irroa,03al2
2022-23,1,6,tnykxdccl93mdr11,01enh
2022-23,1,7,rt1ug69sl97ijzno,001aw
2022-23,1,8,lax5yix5l97irroa,03ad3
2022-23,1,9,pqp9fc6yl93j5xul,01eo6
2022-23,1,10,gl61mmryl93md0at,04qrk
2022-23,2,11,gl61mmryl93md0at,0011e
2022-23,2,12,pqp9fc6yl93j5xul,051oi
2022-23,2,13,lax5yix5l97irroa,05qtv
2022-23,2,14,rt1ug69sl97ijzno,02nf6
2022-23,2,15,tnykxdccl93mdr11,05qto
2022-23,2,16,nygi7tael97irroa,05uib
2022-23,2,17,6bpping1l96ajun5,03nwm
2022-23,2,18,xa5w57ngl93mbh2g,042nm
2022-23,2,19,jk0ke7gol93k5zd7,05qug
2022-23,2,20,ibf4yutil93mhju7,042n7
2022-23,3,21,ibf4yutil93mhju7,04848
2022-23,3,22,jk0ke7gol93k5zd7,02nf1
2022-23,3,23,xa5w57ngl93mbh2g,01uyj
2022-23,3,24,6bpping1l96ajun5,051ol
2022-23,3,25,nygi7tael97irroa,051oh
2022-23,3,26,tnykxdccl93mdr11,04ewf
2022-23,3,27,rt1ug69sl97ijzno,042nq
2022-23,3,28,lax5yix5l97irroa,027oj
2022-23,3,29,pqp9fc6yl93j5xul,027oz
2022-23,3,30,gl61mmryl93md0at,04ewe
2022-23,4,31,gl61mmryl93md0at,02xg9
2022-23,4,32,pqp9fc6yl93j5xul,01eon
2022-23,4,33,lax5yix5l97irroa,027pe
2022-23,4,34,rt1ug69sl97ijzno,02nf3
2022-23,4,35,tnykxdccl93mdr11,05uie
2022-23,4,36,nygi7tael97irroa,04qro
2022-23,4,37,6bpping1l96ajun5,027p0
2022-23,4,38,xa5w57ngl93mbh2g,049kb
2022-23,4,39,jk0ke7gol93k5zd7,05uid
2022-23,4,40,ibf4yutil93mhju7,0017e
2022-23,5,41,ibf4yutil93mhju7,03ams
2022-23,5,42,jk0ke7gol93k5zd7,042n1
2022-23,5,43,xa5w57ngl93mbh2g,01eo9
2022-23,5,44,6bpping1l96ajun5,05uig
2022-23,5,45,nygi7tael97irroa,03lls
2022-23,5,46,tnykxdccl93mdr11,03el5
2022-23,5,47,rt1ug69sl97ijzno,049kd
2022-23,5,48,lax5yix5l97irroa,03ajv
2022-23,5,49,pqp9fc6yl93j5xul,04qsa
2022-23,5,50,gl61mmryl93md0at,02ng3
2022-23,6,51,gl61mmryl93md0at,03nwl
2022-23,6,52,pqp9fc6yl93j5xul,05uiq
2022-23,6,53,lax5yix5l97irroa,04ewm
2022-23,6,54,rt1ug69sl97ijzno,03nwq
2022-23,6,55,tnykxdccl93mdr11,05uic
2022-23,6,56,nygi7tael97irroa,031lx
2022-23,6,57,6bpping1l96ajun5,06210
2022-23,6,58,xa5w57ngl93mbh2g,051p9
2022-23,6,59,jk0ke7gol93k5zd7,05qsq
2022-23,6,60,ibf4yutil93mhju7,027oo
2022-23,7,61,ibf4yutil93mhju7,051p8
2022-23,7,62,jk0ke7gol93k5zd7,05uii
2022-23,7,63,xa5w57ngl93mbh2g,03e6n
2022-23,7,64,6bpping1l96ajun5,05qt3
2022-23,7,65,nygi7tael97irroa,051oj
2022-23,7,66,tnykxdccl93mdr11,04qrr
2022-23,7,67,rt1ug69sl97ijzno,04ewn
2022-23,7,68,lax5yix5l97irroa,03lg1
2022-23,7,69,pqp9fc6yl93j5xul,042n6
2022-23,7,70,gl61mmryl93md0at,04ewk
2022-23,8,71,gl61mmryl93md0at,051ot
2022-23,8,72,pqp9fc6yl93j5xul,03ad2
2022-23,8,73,lax5yix5l97irroa,05qtr
2022-23,8,74,rt1ug69sl97ijzno,04qrl
2022-23,8,75,tnykxdccl93mdr11,06213
2022-23,8,76,nygi7tael97irroa,03e6s
2022-23,8,77,6bpping1l96ajun5,051pa
2022-23,8,78,xa5w57ngl93mbh2g,06212
2022-23,8,79,jk0ke7gol93k5zd7,027p4
2022-23,8,80,ibf4yutil93mhju7,04qrn
2022-23,9,81,ibf4yutil93mhju7,04azw
2022-23,9,82,jk0ke7gol93k5zd7,04qrm
2022-23,9,83,xa5w57ngl93mbh2g,051os
2022-23,9,84,6bpping1l96ajun5,02nfz
2022-23,9,85,nygi7tael97irroa,042n4
2022-23,9,86,tnykxdccl93mdr11,03al1
2022-23,9,87,rt1ug69sl97ijzno,03ad4
2022-23,9,88,lax5yix5l97irroa,05qt0
2022-23,9,89,pqp9fc6yl93j5xul,04ewr
2022-23,9,90,gl61mmryl93md0at,000zv
2022-23,10,91,gl61mmryl93md0at,027ou
2022-23,10,92,pqp9fc6yl93j5xul,01uz7
2022-23,10,93,lax5yix5l97irroa,005kc
2022-23,10,94,rt1ug69sl97ijzno,02ym0
2022-23,10,95,tnykxdccl93mdr11,05qtq
2022-23,10,96,nygi7tael97irroa,04qsd
2022-23,10,97,6bpping1l96ajun5,04qse
2022-23,10,98,xa5w57ngl93mbh2g,042nt
2022-23,10,99,jk0ke7gol93k5zd7,04qs1
2022-23,10,100,ibf4yutil93mhju7,06215
2022-23,11,101,ibf4yutil93mhju7,03aq2
2022-23,11,102,jk0ke7gol93k5zd7,051pb
2022-23,11,103,xa5w57ngl93mbh2g,051p1
2022-23,11,104,6bpping1l96ajun5,05qty
2022-23,11,105,nygi7tael97irroa,0015b
2022-23,11,106,tnykxdccl93mdr11,05uj9
2022-23,11,107,rt1ug69sl97ijzno,042n3
2022-23,11,108,lax5yix5l97irroa,03nwn
2022-23,11,109,pqp9fc6yl93j5xul,04ewu
2022-23,11,110,gl61mmryl93md0at,031lz
2022-23,12,111,gl61mmryl93md0at,05uiw
2022-23,12,112,pqp9fc6yl93j5xul,03nwk
2022-23,12,113,lax5yix5l97irroa,02nf7
2022-23,12,114,rt1ug69sl97ijzno,042nw
2022-23,12,115,tnykxdccl93mdr11,051or
2022-23,12,116,nygi7tael97irroa,05uih
2022-23,12,117,6bpping1l96ajun5,05qu1
2022-23,12,118,xa5w57ngl93mbh2g,04exe
2022-23,12,119,jk0ke7gol93k5zd7,06214
2022-23,12,120,ibf4yutil93mhju7,05uif
2022-23,13,121,ibf4yutil93mhju7,05uin
2022-23,13,122,jk0ke7gol93k5zd7,005ki
2022-23,13,123,xa5w57ngl93mbh2g,05uj0
2022-23,13,124,6bpping1l96ajun5,05ujc
2022-23,13,125,nygi7tael97irroa,03al0
2022-23,13,126,tnykxdccl93mdr11,0527l
2022-23,13,127,rt1ug69sl97ijzno,01sc8
2022-23,13,128,lax5yix5l97irroa,05qub
2022-23,13,129,pqp9fc6yl93j5xul,04qs4
2022-23,13,130,gl61mmryl93md0at,03byk
2022-23,14,131,gl61mmryl93md0at,05qtl
2022-23,14,132,pqp9fc6yl93j5xul,051ok
2022-23,14,133,lax5yix5l97irroa,04ex8
2022-23,14,134,rt1ug69sl97ijzno,031m0
2022-23,14,135,tnykxdccl93mdr11,0621l
2022-23,14,136,nygi7tael97irroa,03e74
2022-23,14,137,6bpping1l96ajun5,031lp
2022-23,14,138,xa5w57ngl93mbh2g,049kf
2022-23,14,139,jk0ke7gol93k5zd7,038xi
2022-23,14,140,ibf4yutil93mhju7,05qtt
2022-23,15,141,ibf4yutil93mhju7,0015e
2022-23,15,142,jk0ke7gol93k5zd7,04ex5
2022-23,15,143,xa5w57ngl93mbh2g,049ka
2022-23,15,144,6bpping1l96ajun5,027pg
2022-23,15,145,nygi7tael97irroa,0621g
2022-23,15,146,tnykxdccl93mdr11,04qsi
2022-23,15,147,rt1ug69sl97ijzno,03ad7
2022-23,15,148,lax5yix5l97irroa,05qu0
2022-23,15,149,pqp9fc6yl93j5xul,05uij
2022-23,15,150,gl61mmryl93md0at,03byg
2022-23,16,151,gl61mmryl93md0at,043ib
2022-23,16,152,pqp9fc6yl93j5xul,05qud
2022-23,16,153,lax5yix5l97irroa,03e6u
2022-23,16,154,rt1ug69sl97ijzno,042nf
2022-23,16,155,tnykxdccl93mdr11,04qrj
2022-23,16,156,nygi7tael97irroa,04qsj
2022-23,16,157,6bpping1l96ajun5,051p3
2022-23,16,158,xa5w57ngl93mbh2g,049s6
2022-23,16,159,jk0ke7gol93k5zd7,031mb
2022-23,16,160,ibf4yutil93mhju7,02nf9
2022-23,17,161,ibf4yutil93mhju7,03r7z
2022-23,17,162,jk0ke7gol93k5zd7,05qsx
2022-23,17,163,xa5w57ngl93mbh2g,005kd
2022-23,17,164,6bpping1l96ajun5,005lx
2022-23,17,165,nygi7tael97irroa,05qsl
2022-23,17,166,tnykxdccl93mdr11,04ex6
2022-23,17,167,rt1ug69sl97ijzno,04qsm
2022-23,17,168,lax5yix5l97irroa,04fj8
2022-23,17,169,pqp9fc6yl93j5xul,04xgj
2022-23,17,170,gl61mmryl93md0at,031m9
2022-23,18,171,gl61mmryl93md0at,005lm
2022-23,18,172,pqp9fc6yl93j5xul,05uj4
2022-23,18,173,lax5yix5l97irroa,0621c
2022-23,18,174,rt1ug69sl97ijzno,01ens
2022-23,18,175,tnykxdccl93mdr11,027p9
2022-23,18,176,nygi7tael97irroa,02ng4
2022-23,18,177,6bpping1l96ajun5,051op
2022-23,18,178,xa5w57ngl93mbh2g,01enw
2022-23,18,179,jk0ke7gol93k5zd7,03r7r
2022-23,18,180,ibf4yutil93mhju7,038ia
2022-23,19,181,ibf4yutil93mhju7,06218
2022-23,19,182,jk0ke7gol93k5zd7,05qve
2022-23,19,183,xa5w57ngl93mbh2g,05qu5
2022-23,19,184,6bpping1l96ajun5,059ca
2022-23,19,185,nygi7tael97irroa,05qtm
2022-23,19,186,tnykxdccl93mdr11,04qrw
2022-23,19,187,rt1ug69sl97ijzno,04ewt
2022-23,19,188,lax5yix5l97irroa,05qu9
2022-23,19,189,pqp9fc6yl93j5xul,042nr
2022-23,19,190,gl61mmryl93md0at,049ki
2022-23,20,191,gl61mmryl93md0at,051pi
2022-23,20,192,pqp9fc6yl93j5xul,042ne
2022-23,20,193,lax5yix5l97irroa,05uj6
2022-23,20,194,rt1ug69sl97ijzno,051pq
2022-23,20,195,tnykxdccl93mdr11,06216
2022-23,20,196,nygi7tael97irroa,04xdu
2022-23,20,197,6bpping1l96ajun5,03ad0
2022-23,20,198,xa5w57ngl93mbh2g,031lv
2022-23,20,199,jk0ke7gol93k5zd7,03wr4
2022-23,20,200,ibf4yutil93mhju7,0496e
2023-24,1,1,ts8qey4flnvxil9y,03e75
2023-24,1,2,y09j7i5alnvxil9y,03al2
2023-24,1,3,n7acn7jolnvxil9y,031m2
2023-24,1,4,po3bonl9lnvxil9y,04kj6
2023-24,1,5,jixaa8l3lnvxil9y,03xmv
2023-24,1,6,9duu1755lnvxil9y,04qro
2023-24,1,7,qjg0vp84lnvxil9y,05qug
2023-24,1,8,dljt8kz1lnvxil9y,01enh
2023-24,1,9,eli9ckrglnvxil9y,05qtv
2023-24,1,10,b3jjri1ilnvxil9y,02nf1
2023-24,2,11,b3jjri1ilnvxil9y,02nf6
2023-24,2,12,eli9ckrglnvxil9y,042n7
2023-24,2,13,dljt8kz1lnvxil9y,04qrk
2023-24,2,14,qjg0vp84lnvxil9y,05qto
2023-24,2,15,9duu1755lnvxil9y,001aw
2023-24,2,16,jixaa8l3lnvxil9y,03ad3
2023-24,2,17,po3bonl9lnvxil9y,04ewe
2023-24,2,18,n7acn7jolnvxil9y,03nwm
2023-24,2,19,y09j7i5alnvxil9y,06211
2023-24,2,20,ts8qey4flnvxil9y,04qrn
2023-24,3,21,ts8qey4flnvxil9y,027oj
2023-24,3,22,y09j7i5alnvxil9y,06cch
2023-24,3,23,n7acn7jolnvxil9y,051ol
2023-24,3,24,po3bonl9lnvxil9y,04azw
2023-24,3,25,jixaa8l3lnvxil9y,049kb
2023-24,3,26,9duu1755lnvxil9y,04qrj
2023-24,3,27,qjg0vp84lnvxil9y,05uid
2023-24,3,28,dljt8kz1lnvxil9y,027pe
2023-24,3,29,eli9ckrglnvxil9y,042nm
2023-24,3,30,b3jjri1ilnvxil9y,01eo6
2023-24,4,31,b3jjri1ilnvxil9y,04ewf
2023-24,4,32,eli9ckrglnvxil9y,027p0
2023-24,4,33,dljt8kz1lnvxil9y,03ajv
2023-24,4,34,qjg0vp84lnvxil9y,04qsa
2023-24,4,35,9duu1755lnvxil9y,0011e
2023-24,4,36,jixaa8l3lnvxil9y,042nq
2023-24,4,37,po3bonl9lnvxil9y,03ad2
2023-24,4,38,n7acn7jolnvxil9y,05uib
2023-24,4,39,y09j7i5alnvxil9y,04848
2023-24,4,40,ts8qey4flnvxil9y,042n4
2023-24,5,41,ts8qey4flnvxil9y,051oh
2023-24,5,42,y09j7i5alnvxil9y,03ams
2023-24,5,43,n7acn7jolnvxil9y,03lls
2023-24,5,44,po3bonl9lnvxil9y,03el5
2023-24,5,45,jixaa8l3lnvxil9y,049kd
2023-24,5,46,9duu1755lnvxil9y,01uyj
2023-24,5,47,qjg0vp84lnvxil9y,05uie
2023-24,5,48,dljt8kz1lnvxil9y,0621l
2023-24,5,49,eli9ckrglnvxil9y,01eon
2023-24,5,50,b3jjri1ilnvxil9y,05uig
2023-24,6,51,b3jjri1ilnvxil9y,027oz
2023-24,6,52,eli9ckrglnvxil9y,05uiq
2023-24,6,53,dljt8kz1lnvxil9y,05qt3
2023-24,6,54,qjg0vp84lnvxil9y,06210
2023-24,6,55,9duu1755lnvxil9y,04ewn
2023-24,6,56,jixaa8l3lnvxil9y,042n1
2023-24,6,57,po3bonl9lnvxil9y,051p8
2023-24,6,58,n7acn7jolnvxil9y,05qsq
2023-24,6,59,y09j7i5alnvxil9y,01eo9
2023-24,6,60,ts8qey4flnvxil9y,05uii
2023-24,7,61,ts8qey4flnvxil9y,06cdn
2023-24,7,62,y09j7i5alnvxil9y,02nf3
2023-24,7,63,n7acn7jolnvxil9y,051pb
2023-24,7,64,po3bonl9lnvxil9y,02ng3
2023-24,7,65,jixaa8l3lnvxil9y,051oi
2023-24,7,66,9duu1755lnvxil9y,02xg9
2023-24,7,67,qjg0vp84lnvxil9y,04ewr
2023-24,7,68,dljt8kz1lnvxil9y,04ewm
2023-24,7,69,eli9ckrglnvxil9y,04qs1
2023-24,7,70,b3jjri1ilnvxil9y,0621b
2023-24,8,71,b3jjri1ilnvxil9y,005ki
2023-24,8,72,eli9ckrglnvxil9y,031lx
2023-24,8,73,dljt8kz1lnvxil9y,005kc
2023-24,8,74,qjg0vp84lnvxil9y,05qtr
2023-24,8,75,9duu1755lnvxil9y,051ot
2023-24,8,76,jixaa8l3lnvxil9y,06212
2023-24,8,77,po3bonl9lnvxil9y,03aq2
2023-24,8,78,n7acn7jolnvxil9y,06213
2023-24,8,79,y09j7i5alnvxil9y,04ewk
2023-24,8,80,ts8qey4flnvxil9y,06215
2023-24,9,81,ts8qey4flnvxil9y,02ym0
2023-24,9,82,y09j7i5alnvxil9y,051or
2023-24,9,83,n7acn7jolnvxil9y,04ewt
2023-24,9,84,po3bonl9lnvxil9y,042n6
2023-24,9,85,jixaa8l3lnvxil9y,03ad0
2023-24,9,86,9duu1755lnvxil9y,0621x
2023-24,9,87,qjg0vp84lnvxil9y,0621e
2023-24,9,88,dljt8kz1lnvxil9y,051pi
2023-24,9,89,eli9ckrglnvxil9y,027p4
2023-24,9,90,b3jjri1ilnvxil9y,02nfz
2023-24,10,91,b3jjri1ilnvxil9y,04qrr
2023-24,10,92,eli9ckrglnvxil9y,03nwl
2023-24,10,93,dljt8kz1lnvxil9y,05uic
2023-24,10,94,qjg0vp84lnvxil9y,06214
2023-24,10,95,9duu1755lnvxil9y,042n3
2023-24,10,96,jixaa8l3lnvxil9y,03e6s
2023-24,10,97,po3bonl9lnvxil9y,0017e
2023-24,10,98,n7acn7jolnvxil9y,04qrl
2023-24,10,99,y09j7i5alnvxil9y,03e6n
2023-24,10,100,ts8qey4flnvxil9y,05uus
2023-24,11,101,ts8qey4flnvxil9y,06cby
2023-24,11,102,y09j7i5alnvxil9y,03ad4
2023-24,11,103,n7acn7jolnvxil9y,03al0
2023-24,11,104,po3bonl9lnvxil9y,027ou
2023-24,11,105,jixaa8l3lnvxil9y,051p9
2023-24,11,106,9duu1755lnvxil9y,027oo
2023-24,11,107,qjg0vp84lnvxil9y,05qu0
2023-24,11,108,dljt8kz1lnvxil9y,05qst
2023-24,11,109,eli9ckrglnvxil9y,03nwn
2023-24,11,110,b3jjri1ilnvxil9y,06216
2023-24,12,111,b3jjri1ilnvxil9y,049s6
2023-24,12,112,eli9ckrglnvxil9y,06218
2023-24,12,113,dljt8kz1lnvxil9y,051oj
2023-24,12,114,qjg0vp84lnvxil9y,05qtt
2023-24,12,115,9duu1755lnvxil9y,06cca
2023-24,12,116,jixaa8l3lnvxil9y,03lg1
2023-24,12,117,po3bonl9lnvxil9y,03e74
2023-24,12,118,n7acn7jolnvxil9y,05qu9
2023-24,12,119,y09j7i5alnvxil9y,051os
2023-24,12,120,ts8qey4flnvxil9y,0621c
2023-24,13,121,ts8qey4flnvxil9y,0621g
2023-24,13,122,y09j7i5alnvxil9y,04qsj
2023-24,13,123,n7acn7jolnvxil9y,03byk
2023-24,13,124,po3bonl9lnvxil9y,04qsd
2023-24,13,125,jixaa8l3lnvxil9y,042nt
2023-24,13,126,9duu1755lnvxil9y,04qs4
2023-24,13,127,qjg0vp84lnvxil9y,06ccf
2023-24,13,128,dljt8kz1lnvxil9y,0015e
2023-24,13,129,eli9ckrglnvxil9y,031lz
2023-24,13,130,b3jjri1ilnvxil9y,04qrm
2023-24,14,131,b3jjri1ilnvxil9y,04ex8
2023-24,14,132,eli9ckrglnvxil9y,04ewc
2023-24,14,133,dljt8kz1lnvxil9y,0558t
2023-24,14,134,qjg0vp84lnvxil9y,05qsx
2023-24,14,135,9duu1755lnvxil9y,03al1
2023-24,14,136,jixaa8l3lnvxil9y,027pg
2023-24,14,137,po3bonl9lnvxil9y,05qtq
2023-24,14,138,n7acn7jolnvxil9y,04ewu
2023-24,14,139,y09j7i5alnvxil9y,042nf
2023-24,14,140,ts8qey4flnvxil9y,05uj9
2023-24,15,141,ts8qey4flnvxil9y,06ca8
2023-24,15,142,y09j7i5alnvxil9y,02nf7
2023-24,15,143,n7acn7jolnvxil9y,04qse
2023-24,15,144,po3bonl9lnvxil9y,03nwq
2023-24,15,145,jixaa8l3lnvxil9y,03r7z
2023-24,15,146,9duu1755lnvxil9y,04qsm
2023-24,15,147,qjg0vp84lnvxil9y,04qrw
2023-24,15,148,dljt8kz1lnvxil9y,03aq3
2023-24,15,149,eli9ckrglnvxil9y,05qt0
2023-24,15,150,b3jjri1ilnvxil9y,05uir
2023-24,16,151,b3jjri1ilnvxil9y,042nw
2023-24,16,152,eli9ckrglnvxil9y,06cc8
2023-24,16,153,dljt8kz1lnvxil9y,04qsi
2023-24,16,154,qjg0vp84lnvxil9y,031m4
2023-24,16,155,9duu1755lnvxil9y,0527l
2023-24,16,156,jixaa8l3lnvxil9y,05uip
2023-24,16,157,po3bonl9lnvxil9y,05qsl
2023-24,16,158,n7acn7jolnvxil9y,05qtj
2023-24,16,159,y09j7i5alnvxil9y,051ok
2023-24,16,160,ts8qey4flnvxil9y,0527h
2023-24,17,161,ts8qey4flnvxil9y,0621k
2023-24,17,162,y09j7i5alnvxil9y,005kf
2023-24,17,163,n7acn7jolnvxil9y,031m0
2023-24,17,164,po3bonl9lnvxil9y,03ad7
2023-24,17,165,jixaa8l3lnvxil9y,03e6u
2023-24,17,166,9duu1755lnvxil9y,04qrp
2023-24,17,167,qjg0vp84lnvxil9y,05qub
2023-24,17,168,dljt8kz1lnvxil9y,031m9
2023-24,17,169,eli9ckrglnvxil9y,05qtl
2023-24,17,170,b3jjri1ilnvxil9y,000zv
2023-24,18,171,b3jjri1ilnvxil9y,03nwk
2023-24,18,172,eli9ckrglnvxil9y,051on
2023-24,18,173,dljt8kz1lnvxil9y,03r7r
2023-24,18,174,qjg0vp84lnvxil9y,05uih
2023-24,18,175,9duu1755lnvxil9y,051p0
2023-24,18,176,jixaa8l3lnvxil9y,051p2
2023-24,18,177,po3bonl9lnvxil9y,031lv
2023-24,18,178,n7acn7jolnvxil9y,06cab
2023-24,18,179,y09j7i5alnvxil9y,01uz7
2023-24,18,180,ts8qey4flnvxil9y,049kc
2023-24,19,181,ts8qey4flnvxil9y,05qu1
2023-24,19,182,y09j7i5alnvxil9y,05uiz
2023-24,19,183,n7acn7jolnvxil9y,04qs9
2023-24,19,184,po3bonl9lnvxil9y,0015b
2023-24,19,185,jixaa8l3lnvxil9y,0621n
2023-24,19,186,9duu1755lnvxil9y,06cc2
2023-24,19,187,qjg0vp84lnvxil9y,05qtf
2023-24,19,188,dljt8kz1lnvxil9y,0621u
2023-24,19,189,eli9ckrglnvxil9y,05uif
2023-24,19,190,b3jjri1ilnvxil9y,05uiu
2023-24,20,191,b3jjri1ilnvxil9y,03r7u
2023-24,20,192,eli9ckrglnvxil9y,051pa
2023-24,20,193,dljt8kz1lnvxil9y,03r7h
2023-24,20,194,qjg0vp84lnvxil9y,04xdu
2023-24,20,195,9duu1755lnvxil9y,06cbx
2023-24,20,196,jixaa8l3lnvxil9y,051ps
2023-24,20,197,po3bonl9lnvxil9y,0496e
2023-24,20,198,n7acn7jolnvxil9y,04qry
2023-24,20,199,y09j7i5alnvxil9y,03wr4
2023-24,20,200,ts8qey4flnvxil9y,06cc5
2024-25,1,1,kom4opqfm1whgxxs,04kj6
2024-25,1,2,f9yq112sm1whgxxs,03e75
2024-25,1,3,gxxp9rr0m1whgxxs,06cch
2024-25,1,4,7jwjf6hgm1whgxxs,04qro
2024-25,1,5,c2198rgtm1whgxxs,031m2
2024-25,1,6,ogxmjjovm1whgxxs,02nf1
2024-25,1,7,xj5wwgasm1whgxxs,03xmv
2024-25,1,8,61xrt1smm1whgxxs,05qug
2024-25,1,9,yn3jui7nm1whgxxs,05qtv
2024-25,1,10,rr8dwgn0m1whgxxs,03al2
2024-25,2,11,rr8dwgn0m1whgxxs,01enh
2024-25,2,12,yn3jui7nm1whgxxs,042n7
2024-25,2,13,61xrt1smm1whgxxs,03nwm
2024-25,2,14,xj5wwgasm1whgxxs,06211
2024-25,2,15,ogxmjjovm1whgxxs,04qsa
2024-25,2,16,c2198rgtm1whgxxs,04qrk
2024-25,2,17,7jwjf6hgm1whgxxs,05uie
2024-25,2,18,gxxp9rr0m1whgxxs,04ewe
2024-25,2,19,f9yq112sm1whgxxs,02nf6
2024-25,2,20,kom4opqfm1whgxxs,049kb
2024-25,3,21,kom4opqfm1whgxxs,051oi
2024-25,3,22,f9yq112sm1whgxxs,05uiq
2024-25,3,23,gxxp9rr0m1whgxxs,001aw
2024-25,3,24,7jwjf6hgm1whgxxs,06210
2024-25,3,25,c2198rgtm1whgxxs,04ewf
2024-25,3,26,ogxmjjovm1whgxxs,03ad3
2024-25,3,27,xj5wwgasm1whgxxs,05qto
2024-25,3,28,61xrt1smm1whgxxs,0011e
2024-25,3,29,yn3jui7nm1whgxxs,027oj
2024-25,3,30,rr8dwgn0m1whgxxs,01uyj
2024-25,4,31,rr8dwgn0m1whgxxs,05qsq
2024-25,4,32,yn3jui7nm1whgxxs,04azw
2024-25,4,33,61xrt1smm1whgxxs,01eo6
2024-25,4,34,xj5wwgasm1whgxxs,0621b
2024-25,4,35,ogxmjjovm1whgxxs,05uib
2024-25,4,36,c2198rgtm1whgxxs,042nq
2024-25,4,37,7jwjf6hgm1whgxxs,05uid
2024-25,4,38,gxxp9rr0m1whgxxs,04qrj
2024-25,4,39,f9yq112sm1whgxxs,04848
2024-25,4,40,kom4opqfm1whgxxs,03lls
2024-25,5,41,kom4opqfm1whgxxs,051oh
2024-25,5,42,f9yq112sm1whgxxs,01eon
2024-25,5,43,gxxp9rr0m1whgxxs,042nm
2024-25,5,44,7jwjf6hgm1whgxxs,05uiu
2024-25,5,45,c2198rgtm1whgxxs,027p0
2024-25,5,46,ogxmjjovm1whgxxs,04ewm
2024-25,5,47,xj5wwgasm1whgxxs,03ad2
2024-25,5,48,61xrt1smm1whgxxs,027oz
2024-25,5,49,yn3jui7nm1whgxxs,027pe
2024-25,5,50,rr8dwgn0m1whgxxs,042n4
2024-25,6,51,rr8dwgn0m1whgxxs,04qrn
2024-25,6,52,yn3jui7nm1whgxxs,02xg9
2024-25,6,53,61xrt1smm1whgxxs,05uig
2024-25,6,54,xj5wwgasm1whgxxs,05qt3
2024-25,6,55,ogxmjjovm1whgxxs,05uii
2024-25,6,56,c2198rgtm1whgxxs,05qu9
2024-25,6,57,7jwjf6hgm1whgxxs,0621c
2024-25,6,58,gxxp9rr0m1whgxxs,04ewt
2024-25,6,59,f9yq112sm1whgxxs,04qrp
2024-25,6,60,kom4opqfm1whgxxs,03ajv
2024-25,7,61,kom4opqfm1whgxxs,049kd
2024-25,7,62,f9yq112sm1whgxxs,04ewr
2024-25,7,63,gxxp9rr0m1whgxxs,05uic
2024-25,7,64,7jwjf6hgm1whgxxs,05uj1
2024-25,7,65,c2198rgtm1whgxxs,051oj
2024-25,7,66,ogxmjjovm1whgxxs,06cca
2024-25,7,67,xj5wwgasm1whgxxs,051pb
2024-25,7,68,61xrt1smm1whgxxs,051ol
2024-25,7,69,yn3jui7nm1whgxxs,05qtr
2024-25,7,70,rr8dwgn0m1whgxxs,03ams
2024-25,8,71,rr8dwgn0m1whgxxs,04ex6
2024-25,8,72,yn3jui7nm1whgxxs,027p4
2024-25,8,73,61xrt1smm1whgxxs,051on
2024-25,8,74,xj5wwgasm1whgxxs,04ewn
2024-25,8,75,ogxmjjovm1whgxxs,06212
2024-25,8,76,c2198rgtm1whgxxs,051p8
2024-25,8,77,7jwjf6hgm1whgxxs,051ot
2024-25,8,78,gxxp9rr0m1whgxxs,03ad0
2024-25,8,79,f9yq112sm1whgxxs,042n1
2024-25,8,80,kom4opqfm1whgxxs,031lx
2024-25,9,81,kom4opqfm1whgxxs,06cdn
2024-25,9,82,f9yq112sm1whgxxs,03ad4
2024-25,9,83,gxxp9rr0m1whgxxs,04qrr
2024-25,9,84,7jwjf6hgm1whgxxs,05uih
2024-25,9,85,c2198rgtm1whgxxs,06213
2024-25,9,86,ogxmjjovm1whgxxs,04qs1
2024-25,9,87,xj5wwgasm1whgxxs,02nf3
2024-25,9,88,61xrt1smm1whgxxs,06mk1
2024-25,9,89,yn3jui7nm1whgxxs,01eo9
2024-25,9,90,rr8dwgn0m1whgxxs,03el5
2024-25,10,91,rr8dwgn0m1whgxxs,02ng3
2024-25,10,92,yn3jui7nm1whgxxs,04qrm
2024-25,10,93,61xrt1smm1whgxxs,027oo
2024-25,10,94,xj5wwgasm1whgxxs,005ki
2024-25,10,95,ogxmjjovm1whgxxs,03e6s
2024-25,10,96,c2198rgtm1whgxxs,03e6n
2024-25,10,97,7jwjf6hgm1whgxxs,06ca8
2024-25,10,98,gxxp9rr0m1whgxxs,0527h
2024-25,10,99,f9yq112sm1whgxxs,05uus
2024-25,10,100,kom4opqfm1whgxxs,0621e
2024-25,11,101,kom4opqfm1whgxxs,05uir
2024-25,11,102,f9yq112sm1whgxxs,03nwn
2024-25,11,103,gxxp9rr0m1whgxxs,05uif
2024-25,11,104,7jwjf6hgm1whgxxs,042n6
2024-25,11,105,c2198rgtm1whgxxs,03al0
2024-25,11,106,ogxmjjovm1whgxxs,0621l
2024-25,11,107,xj5wwgasm1whgxxs,0496e
2024-25,11,108,61xrt1smm1whgxxs,06ccv
2024-25,11,109,yn3jui7nm1whgxxs,042nt
2024-25,11,110,rr8dwgn0m1whgxxs,051pi
2024-25,12,111,rr8dwgn0m1whgxxs,02nfz
2024-25,12,112,yn3jui7nm1whgxxs,04ewk
2024-25,12,113,61xrt1smm1whgxxs,03e6u
2024-25,12,114,xj5wwgasm1whgxxs,06mm1
2024-25,12,115,ogxmjjovm1whgxxs,04qru
2024-25,12,116,c2198rgtm1whgxxs,06mju
2024-25,12,117,7jwjf6hgm1whgxxs,06cby
2024-25,12,118,gxxp9rr0m1whgxxs,06cc8
2024-25,12,119,f9yq112sm1whgxxs,04ewu
2024-25,12,120,kom4opqfm1whgxxs,000zv
2024-25,13,121,kom4opqfm1whgxxs,06214
2024-25,13,122,f9yq112sm1whgxxs,04qrl
2024-25,13,123,gxxp9rr0m1whgxxs,03aq2
2024-25,13,124,7jwjf6hgm1whgxxs,03nwl
2024-25,13,125,c2198rgtm1whgxxs,005kc
2024-25,13,126,ogxmjjovm1whgxxs,04qry
2024-25,13,127,xj5wwgasm1whgxxs,05uj9
2024-25,13,128,61xrt1smm1whgxxs,06216
2024-25,13,129,yn3jui7nm1whgxxs,049kc
2024-25,13,130,rr8dwgn0m1whgxxs,027ou
2024-25,14,131,rr8dwgn0m1whgxxs,0015e
2024-25,14,132,yn3jui7nm1whgxxs,051os
2024-25,14,133,61xrt1smm1whgxxs,05qtj
2024-25,14,134,xj5wwgasm1whgxxs,06mjw
2024-25,14,135,ogxmjjovm1whgxxs,06218
2024-25,14,136,c2198rgtm1whgxxs,06ccf
2024-25,14,137,7jwjf6hgm1whgxxs,06cc7
2024-25,14,138,gxxp9rr0m1whgxxs,0621u
2024-25,14,139,f9yq112sm1whgxxs,051or
2024-25,14,140,kom4opqfm1whgxxs,03nwk
2024-25,15,141,kom4opqfm1whgxxs,06mjt
2024-25,15,142,f9yq112sm1whgxxs,05qtt
2024-25,15,143,gxxp9rr0m1whgxxs,06cc1
2024-25,15,144,7jwjf6hgm1whgxxs,06mk7
2024-25,15,145,c2198rgtm1whgxxs,02nf9
2024-25,15,146,ogxmjjovm1whgxxs,06mjv
2024-25,15,147,xj5wwgasm1whgxxs,03al1
2024-25,15,148,61xrt1smm1whgxxs,06cbx
2024-25,15,149,yn3jui7nm1whgxxs,042nf
2024-25,15,150,rr8dwgn0m1whgxxs,02ym0
2024-25,16,151,rr8dwgn0m1whgxxs,04qsd
2024-25,16,152,yn3jui7nm1whgxxs,05qty
2024-25,16,153,61xrt1smm1whgxxs,04qse
2024-25,16,154,xj5wwgasm1whgxxs,031m4
2024-25,16,155,ogxmjjovm1whgxxs,05qu0
2024-25,16,156,c2198rgtm1whgxxs,05uip
2024-25,16,157,7jwjf6hgm1whgxxs,0621g
2024-25,16,158,gxxp9rr0m1whgxxs,06215
2024-25,16,159,f9yq112sm1whgxxs,0017e
2024-25,16,160,kom4opqfm1whgxxs,03byk
2024-25,17,161,kom4opqfm1whgxxs,051p9
2024-25,17,162,f9yq112sm1whgxxs,03lg1
2024-25,17,163,gxxp9rr0m1whgxxs,0621q
2024-25,17,164,7jwjf6hgm1whgxxs,03r7z
2024-25,17,165,c2198rgtm1whgxxs,042nw
2024-25,17,166,ogxmjjovm1whgxxs,0558t
2024-25,17,167,xj5wwgasm1whgxxs,06217
2024-25,17,168,61xrt1smm1whgxxs,031lv
2024-25,17,169,yn3jui7nm1whgxxs,06mk6
2024-25,17,170,rr8dwgn0m1whgxxs,031m0
2024-25,18,171,rr8dwgn0m1whgxxs,042n3
2024-25,18,172,yn3jui7nm1whgxxs,06mjz
2024-25,18,173,61xrt1smm1whgxxs,05qt4
2024-25,18,174,xj5wwgasm1whgxxs,06nz5
2024-25,18,175,ogxmjjovm1whgxxs,03wr4
2024-25,18,176,c2198rgtm1whgxxs,06ccd
2024-25,18,177,7jwjf6hgm1whgxxs,06cc0
2024-25,18,178,gxxp9rr0m1whgxxs,06ca7
2024-25,18,179,f9yq112sm1whgxxs,06mk3
2024-25,18,180,kom4opqfm1whgxxs,0622a
2024-25,19,181,kom4opqfm1whgxxs,051pa
2024-25,19,182,f9yq112sm1whgxxs,051op
2024-25,19,183,gxxp9rr0m1whgxxs,06mk0
2024-25,19,184,7jwjf6hgm1whgxxs,051ps
2024-25,19,185,c2198rgtm1whgxxs,05ujc
2024-25,19,186,ogxmjjovm1whgxxs,06mk9
2024-25,19,187,xj5wwgasm1whgxxs,04ewb
2024-25,19,188,61xrt1smm1whgxxs,0527l
2024-25,19,189,yn3jui7nm1whgxxs,05qsl
2024-25,19,190,rr8dwgn0m1whgxxs,027pg
2024-25,20,191,rr8dwgn0m1whgxxs,049ka
2024-25,20,192,yn3jui7nm1whgxxs,0621t
2024-25,20,193,61xrt1smm1whgxxs,05qu1
2024-25,20,194,xj5wwgasm1whgxxs,05uiw
2024-25,20,195,ogxmjjovm1whgxxs,04ewc
2024-25,20,196,c2198rgtm1whgxxs,051p1
2024-25,20,197,7jwjf6hgm1whgxxs,06cdh
2024-25,20,198,gxxp9rr0m1whgxxs,06cab
2024-25,20,199,f9yq112sm1whgxxs,04ex8
2024-25,20,200,kom4opqfm1whgxxs,03e74
2025-26,1,1,mm10q3fvmd8zja6j,06cch
2025-26,1,2,mp3txfdsmd8zja6i,03e75
2025-26,1,3,q86f43pcmd8zja6k,04kj6
2025-26,1,4,qxb6cn3omd8zja6h,031m2
2025-26,1,5,sha0v3f8md8zja6k,04qro
2025-26,1,6,mjm1574cmd8zja6n,042n7
2025-26,1,7,8htzhjs2md8zja6l,05qug
2025-26,1,8,nmlbr2ppmd8zja6n,05uib
2025-26,1,9,7kj0njiwmd8zja6g,02nf1
2025-26,1,10,nmbx4rkzmd8zja6m,03ad3
2025-26,2,11,nmbx4rkzmd8zja6m,03nwm
2025-26,2,12,7kj0njiwmd8zja6g,04qrk
2025-26,2,13,nmlbr2ppmd8zja6n,05uid
2025-26,2,14,8htzhjs2md8zja6l,0011e
2025-26,2,15,mjm1574cmd8zja6n,05uiq
2025-26,2,16,sha0v3f8md8zja6k,04ewf
2025-26,2,17,qxb6cn3omd8zja6h,04qsa
2025-26,2,18,q86f43pcmd8zja6k,049kb
2025-26,2,19,mp3txfdsmd8zja6i,042nm
2025-26,2,20,mm10q3fvmd8zja6j,04ewe
2025-26,3,21,mm10q3fvmd8zja6j,06210
2025-26,3,22,mp3txfdsmd8zja6i,042n4
2025-26,3,23,q86f43pcmd8zja6k,01eon
2025-26,3,24,qxb6cn3omd8zja6h,02xg9
2025-26,3,25,sha0v3f8md8zja6k,05uie
2025-26,3,26,mjm1574cmd8zja6n,01eo6
2025-26,3,27,8htzhjs2md8zja6l,05qsq
2025-26,3,28,nmlbr2ppmd8zja6n,01enh
2025-26,3,29,7kj0njiwmd8zja6g,001aw
2025-26,3,30,nmbx4rkzmd8zja6m,06ca8
2025-26,4,31,nmbx4rkzmd8zja6m,05qto
2025-26,4,32,7kj0njiwmd8zja6g,051oi
2025-26,4,33,nmlbr2ppmd8zja6n,0621b
2025-26,4,34,8htzhjs2md8zja6l,03lls
2025-26,4,35,mjm1574cmd8zja6n,05uig
2025-26,4,36,sha0v3f8md8zja6k,04ewm
2025-26,4,37,qxb6cn3omd8zja6h,04qrj
2025-26,4,38,q86f43pcmd8zja6k,027p0
2025-26,4,39,mp3txfdsmd8zja6i,05uic
2025-26,4,40,mm10q3fvmd8zja6j,06v5l
2025-26,5,41,mm10q3fvmd8zja6j,05uiu
2025-26,5,42,mp3txfdsmd8zja6i,03ad2
2025-26,5,43,q86f43pcmd8zja6k,03ajv
2025-26,5,44,qxb6cn3omd8zja6h,04qrr
2025-26,5,45,sha0v3f8md8zja6k,04qrn
2025-26,5,46,mjm1574cmd8zja6n,05uii
2025-26,5,47,8htzhjs2md8zja6l,06211
2025-26,5,48,nmlbr2ppmd8zja6n,05qt3
2025-26,5,49,7kj0njiwmd8zja6g,04ewt
2025-26,5,50,nmbx4rkzmd8zja6m,027oz
2025-26,6,51,nmbx4rkzmd8zja6m,051oh
2025-26,6,52,7kj0njiwmd8zja6g,049kd
2025-26,6,53,nmlbr2ppmd8zja6n,042nt
2025-26,6,54,8htzhjs2md8zja6l,04azw
2025-26,6,55,mjm1574cmd8zja6n,05qtj
2025-26,6,56,sha0v3f8md8zja6k,051on
2025-26,6,57,qxb6cn3omd8zja6h,051ot
2025-26,6,58,q86f43pcmd8zja6k,0527h
2025-26,6,59,mp3txfdsmd8zja6i,027pe
2025-26,6,60,mm10q3fvmd8zja6j,05uus
2025-26,7,61,mm10q3fvmd8zja6j,042n6
2025-26,7,62,mp3txfdsmd8zja6i,051pb
2025-26,7,63,q86f43pcmd8zja6k,03ams
2025-26,7,64,qxb6cn3omd8zja6h,051oj
2025-26,7,65,sha0v3f8md8zja6k,04qrp
2025-26,7,66,mjm1574cmd8zja6n,06217
2025-26,7,67,8htzhjs2md8zja6l,04ewu
2025-26,7,68,nmlbr2ppmd8zja6n,0621c
2025-26,7,69,7kj0njiwmd8zja6g,06cca
2025-26,7,70,nmbx4rkzmd8zja6m,05uir
2025-26,8,71,nmbx4rkzmd8zja6m,051ol
2025-26,8,72,7kj0njiwmd8zja6g,0621l
2025-26,8,73,nmlbr2ppmd8zja6n,0621u
2025-26,8,74,8htzhjs2md8zja6l,03al2
2025-26,8,75,mjm1574cmd8zja6n,042n1
2025-26,8,76,sha0v3f8md8zja6k,04qrm
2025-26,8,77,qxb6cn3omd8zja6h,05qtr
2025-26,8,78,q86f43pcmd8zja6k,051p8
2025-26,8,79,mp3txfdsmd8zja6i,04qs1
2025-26,8,80,mm10q3fvmd8zja6j,05qu9
2025-26,9,81,mm10q3fvmd8zja6j,06216
2025-26,9,82,mp3txfdsmd8zja6i,04ewk
2025-26,9,83,q86f43pcmd8zja6k,027p4
2025-26,9,84,qxb6cn3omd8zja6h,05qt1
2025-26,9,85,sha0v3f8md8zja6k,06mkd
2025-26,9,86,mjm1574cmd8zja6n,03el5
2025-26,9,87,8htzhjs2md8zja6l,06mjw
2025-26,9,88,nmlbr2ppmd8zja6n,05uj1
2025-26,9,89,7kj0njiwmd8zja6g,0621e
2025-26,9,90,nmbx4rkzmd8zja6m,06mk3
2025-26,10,91,nmbx4rkzmd8zja6m,06mju
2025-26,10,92,7kj0njiwmd8zja6g,05uif
2025-26,10,93,nmlbr2ppmd8zja6n,06mjz
2025-26,10,94,8htzhjs2md8zja6l,06ccf
2025-26,10,95,mjm1574cmd8zja6n,04ewn
2025-26,10,96,sha0v3f8md8zja6k,06v5r
2025-26,10,97,qxb6cn3omd8zja6h,04ewr
2025-26,10,98,q86f43pcmd8zja6k,06213
2025-26,10,99,mp3txfdsmd8zja6i,06mk7
2025-26,10,100,mm10q3fvmd8zja6j,051pa
2025-26,11,101,mm10q3fvmd8zja6j,051or
2025-26,11,102,mp3txfdsmd8zja6i,06v57
2025-26,11,103,q86f43pcmd8zja6k,031lx
2025-26,11,104,qxb6cn3omd8zja6h,04ex6
2025-26,11,105,sha0v3f8md8zja6k,06cd4
2025-26,11,106,mjm1574cmd8zja6n,02nfz
2025-26,11,107,8htzhjs2md8zja6l,0621k
2025-26,11,108,nmlbr2ppmd8zja6n,06215
2025-26,11,109,7kj0njiwmd8zja6g,05uiw
2025-26,11,110,nmbx4rkzmd8zja6m,05qtt
2025-26,12,111,nmbx4rkzmd8zja6m,03r7z
2025-26,12,112,7kj0njiwmd8zja6g,06v5h
2025-26,12,113,nmlbr2ppmd8zja6n,06cdn
2025-26,12,114,8htzhjs2md8zja6l,02ym0
2025-26,12,115,mjm1574cmd8zja6n,01eo9
2025-26,12,116,sha0v3f8md8zja6k,06mk6
2025-26,12,117,qxb6cn3omd8zja6h,06214
2025-26,12,118,q86f43pcmd8zja6k,03wr4
2025-26,12,119,mp3txfdsmd8zja6i,049kc
2025-26,12,120,mm10q3fvmd8zja6j,06mk1
2025-26,13,121,mm10q3fvmd8zja6j,03nwn
2025-26,13,122,mp3txfdsmd8zja6i,03nwk
2025-26,13,123,q86f43pcmd8zja6k,027ou
2025-26,13,124,qxb6cn3omd8zja6h,06212
2025-26,13,125,sha0v3f8md8zja6k,05uj4
2025-26,13,126,mjm1574cmd8zja6n,06cc7
2025-26,13,127,8htzhjs2md8zja6l,03al0
2025-26,13,128,nmlbr2ppmd8zja6n,06mjt
2025-26,13,129,7kj0njiwmd8zja6g,06cby
2025-26,13,130,nmbx4rkzmd8zja6m,06cc8
2025-26,14,131,nmbx4rkzmd8zja6m,05qu0
2025-26,14,132,7kj0njiwmd8zja6g,03ad4
2025-26,14,133,nmlbr2ppmd8zja6n,0621g
2025-26,14,134,8htzhjs2md8zja6l,06mjv
2025-26,14,135,mjm1574cmd8zja6n,01uyj
2025-26,14,136,sha0v3f8md8zja6k,05ujd
2025-26,14,137,qxb6cn3omd8zja6h,051pi
2025-26,14,138,q86f43pcmd8zja6k,04qru
2025-26,14,139,mp3txfdsmd8zja6i,06mkl
2025-26,14,140,mm10q3fvmd8zja6j,051ok
2025-26,15,141,mm10q3fvmd8zja6j,06v5y
2025-26,15,142,mp3txfdsmd8zja6i,06mll
2025-26,15,143,q86f43pcmd8zja6k,06mle
2025-26,15,144,qxb6cn3omd8zja6h,05qsx
2025-26,15,145,sha0v3f8md8zja6k,042nf
2025-26,15,146,mjm1574cmd8zja6n,06v5n
2025-26,15,147,8htzhjs2md8zja6l,06cc1
2025-26,15,148,nmlbr2ppmd8zja6n,05qt4
2025-26,15,149,7kj0njiwmd8zja6g,051os
2025-26,15,150,nmbx4rkzmd8zja6m,06cac
2025-26,16,151,nmbx4rkzmd8zja6m,05uih
2025-26,16,152,7kj0njiwmd8zja6g,02ng3
2025-26,16,153,nmlbr2ppmd8zja6n,06v5k
2025-26,16,154,8htzhjs2md8zja6l,005kc
2025-26,16,155,mjm1574cmd8zja6n,02nf3
2025-26,16,156,sha0v3f8md8zja6k,06v5a
2025-26,16,157,qxb6cn3omd8zja6h,05ujc
2025-26,16,158,q86f43pcmd8zja6k,0015e
2025-26,16,159,mp3txfdsmd8zja6i,06v56
2025-26,16,160,mm10q3fvmd8zja6j,04ex8
2025-26,17,161,mm10q3fvmd8zja6j,0017e
2025-26,17,162,mp3txfdsmd8zja6i,051op
2025-26,17,163,q86f43pcmd8zja6k,04qrl
2025-26,17,164,qxb6cn3omd8zja6h,06mk8
2025-26,17,165,sha0v3f8md8zja6k,06v58
2025-26,17,166,mjm1574cmd8zja6n,042nq
2025-26,17,167,8htzhjs2md8zja6l,05uup
2025-26,17,168,nmlbr2ppmd8zja6n,05uug
2025-26,17,169,7kj0njiwmd8zja6g,05uj9
2025-26,17,170,nmbx4rkzmd8zja6m,06mln
2025-26,18,171,nmbx4rkzmd8zja6m,06mkj
2025-26,18,172,7kj0njiwmd8zja6g,0496e
2025-26,18,173,nmlbr2ppmd8zja6n,06v5e
2025-26,18,174,8htzhjs2md8zja6l,06mkg
2025-26,18,175,mjm1574cmd8zja6n,027oj
2025-26,18,176,sha0v3f8md8zja6k,06226
2025-26,18,177,qxb6cn3omd8zja6h,03aq2
2025-26,18,178,q86f43pcmd8zja6k,05uij
2025-26,18,179,mp3txfdsmd8zja6i,04qse
2025-26,18,180,mm10q3fvmd8zja6j,06ca7
2025-26,19,181,mm10q3fvmd8zja6j,031m4
2025-26,19,182,mp3txfdsmd8zja6i,051p9
2025-26,19,183,q86f43pcmd8zja6k,042n3
2025-26,19,184,qxb6cn3omd8zja6h,05ujq
2025-26,19,185,sha0v3f8md8zja6k,04qsd
2025-26,19,186,mjm1574cmd8zja6n,000zv
2025-26,19,187,8htzhjs2md8zja6l,03xmt
2025-26,19,188,nmlbr2ppmd8zja6n,06v5g
2025-26,19,189,7kj0njiwmd8zja6g,049ka
2025-26,19,190,nmbx4rkzmd8zja6m,06cbz
2025-26,20,191,nmbx4rkzmd8zja6m,05uiz
2025-26,20,192,7kj0njiwmd8zja6g,0623a
2025-26,20,193,nmlbr2ppmd8zja6n,05qtv
2025-26,20,194,8htzhjs2md8zja6l,06218
2025-26,20,195,mjm1574cmd8zja6n,0621q
2025-26,20,196,sha0v3f8md8zja6k,03xmv
2025-26,20,197,qxb6cn3omd8zja6h,05qtl
2025-26,20,198,q86f43pcmd8zja6k,027oo
2025-26,20,199,mp3txfdsmd8zja6i,05ujt
2025-26,20,200,mm10q3fvmd8zja6j,06v80
2026-27,1,1,yr8isikimsc25eb8,03e75
2026-27,1,2,zdbv2x8ymsc25eb8,06cch
2026-27,1,3,dee3tx9omsc25eb8,04kj6
2026-27,1,4,wazrfqctmsc25eb8,04qro
2026-27,1,5,e7ctu5b1msc25eb8,05uib
2026-27,1,6,7j0egupgmsc25eb8,05qtv
2026-27,1,7,oca9h5l7msc25eb8,031m2
2026-27,1,8,u3bnomv3msc25eb8,03xmv
2026-27,1,9,zbsh2iq2msc25eb8,05qug
2026-27,1,10,64eyswtomsc25eb8,05uiu
2026-27,2,11,64eyswtomsc25eb8,06v5l
2026-27,2,12,zbsh2iq2msc25eb8,05uie
2026-27,2,13,u3bnomv3msc25eb8,05qsq
2026-27,2,14,oca9h5l7msc25eb8,05uiq
2026-27,2,15,7j0egupgmsc25eb8,04ewe
2026-27,2,16,e7ctu5b1msc25eb8,03ad3
2026-27,2,17,wazrfqctmsc25eb8,06211
2026-27,2,18,dee3tx9omsc25eb8,001aw
2026-27,2,19,zdbv2x8ymsc25eb8,06ca8
2026-27,2,20,yr8isikimsc25eb8,04qrk
2026-27,3,21,yr8isikimsc25eb8,04ewf
2026-27,3,22,zdbv2x8ymsc25eb8,04qsa
2026-27,3,23,dee3tx9omsc25eb8,03nwm
2026-27,3,24,wazrfqctmsc25eb8,05uig
2026-27,3,25,e7ctu5b1msc25eb8,01enh
2026-27,3,26,7j0egupgmsc25eb8,05qto
2026-27,3,27,oca9h5l7msc25eb8,05uid
2026-27,3,28,u3bnomv3msc25eb8,042n7
2026-27,3,29,zbsh2iq2msc25eb8,06210
2026-27,3,30,64eyswtomsc25eb8,042n4
2026-27,4,31,64eyswtomsc25eb8,01eo6
2026-27,4,32,zbsh2iq2msc25eb8,076vc
2026-27,4,33,u3bnomv3msc25eb8,027oz
2026-27,4,34,oca9h5l7msc25eb8,05uus
2026-27,4,35,7j0egupgmsc25eb8,04azw
2026-27,4,36,e7ctu5b1msc25eb8,02nf1
2026-27,4,37,wazrfqctmsc25eb8,03lls
2026-27,4,38,dee3tx9omsc25eb8,0621l
2026-27,4,39,zdbv2x8ymsc25eb8,051ol
2026-27,4,40,yr8isikimsc25eb8,05uir
2026-27,5,41,yr8isikimsc25eb8,0621b
2026-27,5,42,zdbv2x8ymsc25eb8,042nm
2026-27,5,43,dee3tx9omsc25eb8,04qrj
2026-27,5,44,wazrfqctmsc25eb8,0621c
2026-27,5,45,e7ctu5b1msc25eb8,04ewt
2026-27,5,46,7j0egupgmsc25eb8,05qtj
2026-27,5,47,oca9h5l7msc25eb8,05qtt
2026-27,5,48,u3bnomv3msc25eb8,06mjw
2026-27,5,49,zbsh2iq2msc25eb8,049kb
2026-27,5,50,64eyswtomsc25eb8,06v5n
2026-27,6,51,64eyswtomsc25eb8,0527h
2026-27,6,52,zbsh2iq2msc25eb8,03ajv
2026-27,6,53,u3bnomv3msc25eb8,06mk7
2026-27,6,54,oca9h5l7msc25eb8,03al2
2026-27,6,55,7j0egupgmsc25eb8,06mjz
2026-27,6,56,e7ctu5b1msc25eb8,05qt3
2026-27,6,57,wazrfqctmsc25eb8,06cca
2026-27,6,58,dee3tx9omsc25eb8,0011e
2026-27,6,59,zdbv2x8ymsc25eb8,02xg9
