season,team,owner,confirmed
2022-23,tyhoward,T-How,1
2022-23,Xrossbone,Jackson,1
2022-23,Bucky Conway,Conway,1
2022-23,Salty,Salty,1
2022-23,Guckien,Guckien,1
2022-23,Stephenrooney90,Rooney,1
2022-23,BlackJack,Blackjacks,1
2022-23,RileyRojo,Riley,1
2022-23,picurtis,Pierson,1
2022-23,Ejbuser,Buser,1
2023-24,Xrossbone,Jackson,1
2023-24,RileyRojo,Riley,1
2023-24,Guckien,Guckien,1
2023-24,Salty,Salty,1
2023-24,tyhoward,T-How,1
2023-24,Stephenrooney90,Rooney,1
2023-24,Ejbuser,Buser,1
2023-24,picurtis,Pierson,1
2023-24,Bucky Conway,Conway,1
2023-24,BlackJack,Blackjacks,1
2024-25,Salty,Salty,1
2024-25,T-How,T-How,1
2024-25,Buser has Wemby,Buser,1
2024-25,Guckien & Giddey & KCP & Deni Avdija,Guckien,1
2024-25,Jackson,Jackson,1
2024-25,Conway,Conway,1
2024-25,Rooney,Rooney,1
2024-25,Philadephia Blackjacks,Blackjacks,1
2024-25,Pierson’s AutoDrafters,Pierson,1
2024-25,Riley’s Hefty Leftys,Riley,1
2025-26,Riley McElwembanyama,Riley,1
2025-26,Guckien,Guckien,1
2025-26,Salty’s Aspirations,Salty,1
2025-26,Jackson,Jackson,1
2025-26,HaliBuser,Buser,1
2025-26,Blackjacks,Blackjacks,1
2025-26,Pierson’s AutoDrafters,Pierson,1
2025-26,Conway,Conway,1
2025-26,Rooney,Rooney,1
2025-26,T-How,T-How,1
2026-27,Riley McElwembanyama,Riley,1
2026-27,Blackjacks,Blackjacks,1
2026-27,Salty,Salty,1
2026-27,HaliBuser,Buser,1
2026-27,Pierson’s AutoDrafters,Pierson,1
2026-27,Rooney,Rooney,1
2026-27,Conway,Conway,1
2026-27,T-How,T-How,1
2026-27,Guckien,Guckien,1
2026-27,Jackson,Jackson,1
