season,rank,team,team_id,w,l,t,pf,pa
2022-23,1,tyhoward,ibf4yutil93mhju7,18,4,0,25749.5,23431.75
2022-23,2,Xrossbone,xa5w57ngl93mbh2g,13,9,0,23568.75,23276.25
2022-23,3,Bucky Conway,lax5yix5l97irroa,13,9,0,23789.5,23596.75
2022-23,4,Salty,pqp9fc6yl93j5xul,13,9,0,23741.0,23394.75
2022-23,5,Guckien,nygi7tael97irroa,12,10,0,24421.5,23933.5
2022-23,6,Stephenrooney90,jk0ke7gol93k5zd7,9,13,0,24134.25,24584.75
2022-23,7,BlackJack,rt1ug69sl97ijzno,9,13,0,22990.25,23585.25
2022-23,8,RileyRojo,6bpping1l96ajun5,8,14,0,23380.25,23723.75
2022-23,9,picurtis,gl61mmryl93md0at,8,14,0,22593.5,24076.75
2022-23,10,Ejbuser,tnykxdccl93mdr11,7,15,0,23124.5,23889.5
2023-24,1,Xrossbone,eli9ckrglnvxil9y,21,2,0,28038.0,24899.75
2023-24,2,RileyRojo,n7acn7jolnvxil9y,14,9,0,26254.5,25720.0
2023-24,3,Guckien,b3jjri1ilnvxil9y,14,9,0,26753.75,25415.75
2023-24,4,Salty,qjg0vp84lnvxil9y,14,9,0,25397.75,24983.25
2023-24,5,tyhoward,9duu1755lnvxil9y,13,10,0,25777.25,25534.75
2023-24,6,Stephenrooney90,jixaa8l3lnvxil9y,10,13,0,25235.25,24545.0
2023-24,7,Ejbuser,ts8qey4flnvxil9y,9,14,0,25433.75,25061.0
2023-24,8,picurtis,y09j7i5alnvxil9y,8,15,0,24366.0,25764.0
2023-24,9,Bucky Conway,dljt8kz1lnvxil9y,6,17,0,23418.5,25660.5
2023-24,10,BlackJack,po3bonl9lnvxil9y,6,17,0,22851.0,25941.75
2024-25,1,Salty,7jwjf6hgm1whgxxs,17,6,0,26205.5,24193.0
2024-25,2,T-How,f9yq112sm1whgxxs,17,6,0,27108.0,24412.0
2024-25,3,Buser has Wemby,gxxp9rr0m1whgxxs,15,8,0,25431.0,24119.25
2024-25,4,Guckien & Giddey & KCP & Deni Avdija,61xrt1smm1whgxxs,13,10,0,25021.25,25071.0
2024-25,5,Jackson,c2198rgtm1whgxxs,12,11,0,25345.5,24933.0
2024-25,6,Conway,yn3jui7nm1whgxxs,11,12,0,24254.75,24497.75
2024-25,7,Rooney,ogxmjjovm1whgxxs,9,14,0,25584.5,25368.75
2024-25,8,Philadephia Blackjacks,rr8dwgn0m1whgxxs,8,15,0,21835.75,24662.25
2024-25,9,Pierson’s AutoDrafters,xj5wwgasm1whgxxs,7,16,0,23400.5,25059.25
2024-25,10,Riley’s Hefty Leftys,kom4opqfm1whgxxs,6,17,0,23442.75,25313.25
2025-26,1,Riley McElwembanyama,mm10q3fvmd8zja6j,18,5,0,26045.5,23682.0
2025-26,2,Guckien,8htzhjs2md8zja6l,17,6,0,26269.25,23934.25
2025-26,3,Salty’s Aspirations,nmbx4rkzmd8zja6m,16,7,0,26165.0,24084.75
2025-26,4,Jackson,mjm1574cmd8zja6n,13,10,0,24532.75,24306.0
2025-26,5,HaliBuser,nmlbr2ppmd8zja6n,12,11,0,24282.75,23684.5
2025-26,6,Blackjacks,q86f43pcmd8zja6k,12,11,0,23675.5,23696.0
2025-26,7,Pierson’s AutoDrafters,mp3txfdsmd8zja6i,10,13,0,23355.5,23804.0
2025-26,8,Conway,sha0v3f8md8zja6k,9,14,0,23446.5,24307.5
2025-26,9,Rooney,qxb6cn3omd8zja6h,4,19,0,22632.75,24401.75
2025-26,10,T-How,7kj0njiwmd8zja6g,4,19,0,20777.75,25282.5
2026-27,1,Jackson,oca9h5l7msc25eb8,0,0,0,0.0,0.0
2026-27,2,T-How,yr8isikimsc25eb8,0,0,0,0.0,0.0
2026-27,3,Riley McElwembanyama,64eyswtomsc25eb8,0,0,0,0.0,0.0
2026-27,4,Salty,u3bnomv3msc25eb8,0,0,0,0.0,0.0
2026-27,5,HaliBuser,7j0egupgmsc25eb8,0,0,0,0.0,0.0
2026-27,6,Pierson’s AutoDrafters,wazrfqctmsc25eb8,0,0,0,0.0,0.0
2026-27,7,Rooney,zdbv2x8ymsc25eb8,0,0,0,0.0,0.0
2026-27,8,Blackjacks,e7ctu5b1msc25eb8,0,0,0,0.0,0.0
2026-27,9,Guckien,zbsh2iq2msc25eb8,0,0,0,0.0,0.0
2026-27,10,Conway,dee3tx9omsc25eb8,0,0,0,0.0,0.0
